<?xml version="1.0"?>
<config>
    <sections>
        <sitemap translate="label" module="sitemap">
            <groups>
                <superseositemap translate="label">
                    <label>Super Seo Sitemap</label>
                    <frontend_type>text</frontend_type>
                    <sort_order>30</sort_order>
                    <show_in_default>1</show_in_default>
                    <show_in_website>1</show_in_website>
                    <show_in_store>1</show_in_store>
                    <fields>
                        <catimages translate="label">
                            <label>#Categories' images on Sitemap</label>
                            <frontend_type>select</frontend_type>
                            <source_model>adminhtml/system_config_source_yesno</source_model>
                            <sort_order>1</sort_order>
                            <show_in_default>1</show_in_default>
                            <show_in_website>1</show_in_website>
                            <show_in_store>1</show_in_store>
                        </catimages>
                        <prodimages translate="label comment">
                            <label>#Products' images on Sitemap</label>
                            <frontend_type>select</frontend_type>
                            <source_model>adminhtml/system_config_source_yesno</source_model>
                            <sort_order>40</sort_order>
                            <show_in_default>1</show_in_default>
                            <show_in_website>1</show_in_website>
                            <show_in_store>1</show_in_store>
                        </prodimages>
                        <prodimageswithnolabel translate="label comment">
                            <label>#Show images with no labels</label>
                            <frontend_type>select</frontend_type>
                            <source_model>adminhtml/system_config_source_yesno</source_model>
                            <sort_order>40</sort_order>
                            <show_in_default>1</show_in_default>
                            <show_in_website>1</show_in_website>
                            <show_in_store>1</show_in_store>
                        </prodimageswithnolabel>
                        <productnametolabel>
                            <label>Product's name at the end of label</label>
                            <frontend_type>select</frontend_type>
                            <source_model>adminhtml/system_config_source_yesno</source_model>
                            <depends>
                                <prodimages>1</prodimages>
                            </depends>
                            <sort_order>50</sort_order>
                            <show_in_default>1</show_in_default>
                            <show_in_website>1</show_in_website>
                            <show_in_store>1</show_in_store>
                            <comment>ie: Rear white wool coat</comment>

                        </productnametolabel>
                    </fields>
                </superseositemap>
            </groups>
        </sitemap>
    </sections>
</config>